entity_id,customer_record_id
E00001,C000001
E00002,C000002
E00003,C000003
E00004,C000004
E00004,C000005
E00005,C000006
E00005,C000007
E00006,C000008
E00007,C000009
E00008,C000010
E00009,C000011
E00010,C000012
E00011,C000013
E00012,C000014
E00013,C000015
E00014,C000016
E00015,C000017
E00015,C000018
E00016,C000019
E00017,C000020
E00018,C000021
E00019,C000022
E00020,C000023
E00021,C000024
E00022,C000025
E00023,C000026
E00023,C000027
E00024,C000028
E00025,C000029
E00026,C000030
E00027,C000031
E00027,C000032
E00028,C000033
E00028,C000034
E00029,C000035
E00030,C000036
E00030,C000037
E00031,C000038
E00032,C000039
E00033,C000040
E00034,C000041
E00035,C000042
E00036,C000043
E00037,C000044
E00038,C000045
E00039,C000046
E00040,C000047
E00040,C000048
E00041,C000049
E00042,C000050
E00042,C000051
E00043,C000052
E00043,C000053
E00044,C000054
E00045,C000055
E00045,C000056
E00046,C000057
E00047,C000058
E00048,C000059
E00049,C000060
E00049,C000061
E00050,C000062
E00051,C000063
E00052,C000064
E00053,C000065
E00054,C000066
E00055,C000067
E00056,C000068
E00057,C000069
E00058,C000070
E00059,C000071
E00059,C000072
E00060,C000073
E00060,C000074
E00061,C000075
E00061,C000076
E00062,C000077
E00063,C000078
E00064,C000079
E00065,C000080
E00066,C000081
E00067,C000082
E00068,C000083
E00069,C000084
E00070,C000085
E00071,C000086
E00072,C000087
E00073,C000088
E00073,C000089
E00073,C000090
E00074,C000091
E00075,C000092
E00075,C000093
E00075,C000094
E00076,C000095
E00076,C000096
E00076,C000097
E00077,C000098
E00078,C000099
E00079,C000100
E00080,C000101
E00081,C000102
E00081,C000103
E00082,C000104
E00083,C000105
E00084,C000106
E00085,C000107
E00086,C000108
E00087,C000109
E00088,C000110
E00089,C000111
E00090,C000112
E00091,C000113
E00091,C000114
E00092,C000115
E00093,C000116
E00094,C000117
E00095,C000118
E00096,C000119
E00096,C000120
E00097,C000121
E00098,C000122
E00099,C000123
E00099,C000124
E00100,C000125
E00101,C000126
E00102,C000127
E00103,C000128
E00104,C000129
E00105,C000130
E00106,C000131
E00106,C000132
E00107,C000133
E00108,C000134
E00109,C000135
E00110,C000136
E00110,C000137
E00111,C000138
E00112,C000139
E00113,C000140
E00114,C000141
E00114,C000142
E00115,C000143
E00115,C000144
E00115,C000145
E00116,C000146
E00116,C000147
E00117,C000148
E00117,C000149
E00118,C000150
E00119,C000151
E00120,C000152
E00121,C000153
E00122,C000154
E00123,C000155
E00123,C000156
E00123,C000157
E00124,C000158
E00125,C000159
E00126,C000160
E00127,C000161
E00128,C000162
E00129,C000163
E00130,C000164
E00131,C000165
E00132,C000166
E00132,C000167
E00133,C000168
E00134,C000169
E00135,C000170
E00136,C000171
E00136,C000172
E00137,C000173
E00138,C000174
E00138,C000175
E00139,C000176
E00140,C000177
E00141,C000178
E00142,C000179
E00143,C000180
E00144,C000181
E00145,C000182
E00145,C000183
E00146,C000184
E00147,C000185
E00147,C000186
E00147,C000187
E00148,C000188
E00149,C000189
E00150,C000190
E00151,C000191
E00152,C000192
E00153,C000193
E00154,C000194
E00155,C000195
E00156,C000196
E00157,C000197
E00158,C000198
E00159,C000199
E00160,C000200
E00161,C000201
E00162,C000202
E00163,C000203
E00163,C000204
E00164,C000205
E00164,C000206
E00165,C000207
E00166,C000208
E00166,C000209
E00167,C000210
E00168,C000211
E00169,C000212
E00170,C000213
E00170,C000214
E00171,C000215
E00172,C000216
E00173,C000217
E00173,C000218
E00174,C000219
E00175,C000220
E00176,C000221
E00177,C000222
E00178,C000223
E00179,C000224
E00179,C000225
E00180,C000226
E00181,C000227
E00182,C000228
E00183,C000229
E00184,C000230
E00184,C000231
E00185,C000232
E00185,C000233
E00186,C000234
E00187,C000235
E00188,C000236
E00189,C000237
E00189,C000238
E00190,C000239
E00191,C000240
E00191,C000241
E00192,C000242
E00193,C000243
E00194,C000244
E00194,C000245
E00195,C000246
E00195,C000247
E00196,C000248
E00197,C000249
E00198,C000250
E00199,C000251
E00199,C000252
E00200,C000253
E00201,C000254
E00202,C000255
E00203,C000256
E00204,C000257
E00205,C000258
E00206,C000259
E00207,C000260
E00208,C000261
E00209,C000262
E00210,C000263
E00211,C000264
E00212,C000265
E00213,C000266
E00213,C000267
E00214,C000268
E00215,C000269
E00215,C000270
E00216,C000271
E00216,C000272
E00217,C000273
E00218,C000274
E00219,C000275
E00219,C000276
E00220,C000277
E00220,C000278
E00221,C000279
E00222,C000280
E00223,C000281
E00224,C000282
E00224,C000283
E00224,C000284
E00225,C000285
E00226,C000286
E00227,C000287
E00228,C000288
E00229,C000289
E00230,C000290
E00231,C000291
E00232,C000292
E00233,C000293
E00234,C000294
E00235,C000295
E00235,C000296
E00236,C000297
E00237,C000298
E00237,C000299
E00238,C000300
E00238,C000301
E00239,C000302
E00240,C000303
E00240,C000304
E00241,C000305
E00242,C000306
E00242,C000307
E00242,C000308
E00243,C000309
E00244,C000310
E00245,C000311
E00246,C000312
E00247,C000313
E00247,C000314
E00248,C000315
E00249,C000316
E00250,C000317
E00251,C000318
E00252,C000319
E00253,C000320
E00254,C000321
E00255,C000322
E00256,C000323
E00257,C000324
E00258,C000325
E00258,C000326
E00259,C000327
E00260,C000328
E00260,C000329
E00261,C000330
E00261,C000331
E00262,C000332
E00263,C000333
E00264,C000334
E00265,C000335
E00266,C000336
E00267,C000337
E00268,C000338
E00269,C000339
E00270,C000340
E00271,C000341
E00272,C000342
E00273,C000343
E00273,C000344
E00274,C000345
E00274,C000346
E00275,C000347
E00276,C000348
E00276,C000349
E00277,C000350
E00277,C000351
E00278,C000352
E00279,C000353
E00280,C000354
E00280,C000355
E00281,C000356
E00282,C000357
E00282,C000358
E00283,C000359
E00284,C000360
E00285,C000361
E00286,C000362
E00287,C000363
E00288,C000364
E00288,C000365
E00289,C000366
E00290,C000367
E00291,C000368
E00292,C000369
E00293,C000370
E00294,C000371
E00295,C000372
E00295,C000373
E00296,C000374
E00296,C000375
E00297,C000376
E00297,C000377
E00298,C000378
E00299,C000379
E00299,C000380
E00300,C000381
E00301,C000382
E00301,C000383
E00302,C000384
E00302,C000385
E00303,C000386
E00304,C000387
E00305,C000388
E00305,C000389
E00306,C000390
E00307,C000391
E00307,C000392
E00308,C000393
E00309,C000394
E00310,C000395
E00310,C000396
E00311,C000397
E00311,C000398
E00312,C000399
E00313,C000400
E00314,C000401
E00315,C000402
E00315,C000403
E00316,C000404
E00317,C000405
E00317,C000406
E00318,C000407
E00318,C000408
E00319,C000409
E00320,C000410
E00321,C000411
E00321,C000412
E00322,C000413
E00323,C000414
E00324,C000415
E00325,C000416
E00326,C000417
E00327,C000418
E00328,C000419
E00329,C000420
E00330,C000421
E00330,C000422
E00331,C000423
E00332,C000424
E00333,C000425
E00334,C000426
E00335,C000427
E00336,C000428
E00336,C000429
E00337,C000430
E00337,C000431
E00338,C000432
E00339,C000433
E00340,C000434
E00340,C000435
E00341,C000436
E00342,C000437
E00343,C000438
E00344,C000439
E00345,C000440
E00345,C000441
E00346,C000442
E00346,C000443
E00347,C000444
E00348,C000445
E00349,C000446
E00350,C000447
E00351,C000448
E00352,C000449
E00353,C000450
E00354,C000451
E00355,C000452
E00356,C000453
E00356,C000454
E00357,C000455
E00358,C000456
E00359,C000457
E00359,C000458
E00360,C000459
E00361,C000460
E00361,C000461
E00362,C000462
E00362,C000463
E00363,C000464
E00364,C000465
E00365,C000466
E00366,C000467
E00367,C000468
E00368,C000469
E00369,C000470
E00369,C000471
E00370,C000472
E00371,C000473
E00372,C000474
E00373,C000475
E00374,C000476
E00375,C000477
E00375,C000478
E00376,C000479
E00376,C000480
E00377,C000481
E00378,C000482
E00379,C000483
E00380,C000484
E00380,C000485
E00381,C000486
E00381,C000487
E00382,C000488
E00383,C000489
E00384,C000490
E00385,C000491
E00386,C000492
E00387,C000493
E00388,C000494
E00389,C000495
E00390,C000496
E00391,C000497
E00392,C000498
E00392,C000499
E00393,C000500
E00393,C000501
E00394,C000502
E00394,C000503
E00395,C000504
E00395,C000505
E00396,C000506
E00397,C000507
E00397,C000508
E00398,C000509
E00399,C000510
E00400,C000511
E00400,C000512
E00401,C000513
E00402,C000514
E00403,C000515
E00404,C000516
E00405,C000517
E00405,C000518
E00406,C000519
E00406,C000520
E00407,C000521
E00408,C000522
E00408,C000523
E00409,C000524
E00410,C000525
E00410,C000526
E00411,C000527
E00412,C000528
E00412,C000529
E00413,C000530
E00414,C000531
E00414,C000532
E00415,C000533
E00415,C000534
E00416,C000535
E00417,C000536
E00418,C000537
E00419,C000538
E00419,C000539
E00420,C000540
E00420,C000541
E00421,C000542
E00422,C000543
E00423,C000544
E00424,C000545
E00425,C000546
E00426,C000547
E00427,C000548
E00428,C000549
E00428,C000550
E00429,C000551
E00429,C000552
E00430,C000553
E00430,C000554
E00431,C000555
E00432,C000556
E00432,C000557
E00433,C000558
E00434,C000559
E00435,C000560
E00435,C000561
E00436,C000562
E00437,C000563
E00438,C000564
E00439,C000565
E00439,C000566
E00440,C000567
E00441,C000568
E00442,C000569
E00443,C000570
E00444,C000571
E00445,C000572
E00446,C000573
E00447,C000574
E00448,C000575
E00449,C000576
E00450,C000577
E00451,C000578
E00451,C000579
E00452,C000580
E00452,C000581
E00453,C000582
E00454,C000583
E00455,C000584
E00456,C000585
E00457,C000586
E00458,C000587
E00459,C000588
E00460,C000589
E00461,C000590
E00461,C000591
E00462,C000592
E00463,C000593
E00463,C000594
E00464,C000595
E00464,C000596
E00465,C000597
E00466,C000598
E00466,C000599
E00467,C000600
E00467,C000601
E00468,C000602
E00469,C000603
E00469,C000604
E00470,C000605
E00471,C000606
E00471,C000607
E00472,C000608
E00473,C000609
E00473,C000610
E00474,C000611
E00475,C000612
E00475,C000613
E00476,C000614
E00477,C000615
E00478,C000616
E00479,C000617
E00480,C000618
E00481,C000619
E00481,C000620
E00482,C000621
E00482,C000622
E00483,C000623
E00484,C000624
E00484,C000625
E00484,C000626
E00485,C000627
E00485,C000628
E00486,C000629
E00487,C000630
E00488,C000631
E00489,C000632
E00490,C000633
E00491,C000634
E00492,C000635
E00493,C000636
E00494,C000637
E00495,C000638
E00496,C000639
E00497,C000640
E00498,C000641
E00498,C000642
E00499,C000643
E00500,C000644
E00501,C000645
E00501,C000646
E00502,C000647
E00503,C000648
E00504,C000649
E00504,C000650
E00505,C000651
E00506,C000652
E00507,C000653
E00508,C000654
E00509,C000655
E00509,C000656
E00510,C000657
E00510,C000658
E00511,C000659
E00512,C000660
E00513,C000661
E00513,C000662
E00514,C000663
E00514,C000664
E00515,C000665
E00516,C000666
E00517,C000667
E00518,C000668
E00519,C000669
E00520,C000670
E00521,C000671
E00522,C000672
E00523,C000673
E00524,C000674
E00525,C000675
E00526,C000676
E00526,C000677
E00527,C000678
E00527,C000679
E00528,C000680
E00529,C000681
E00529,C000682
E00530,C000683
E00531,C000684
E00531,C000685
E00532,C000686
E00532,C000687
E00533,C000688
E00534,C000689
E00535,C000690
E00535,C000691
E00536,C000692
E00537,C000693
E00538,C000694
E00539,C000695
E00540,C000696
E00541,C000697
E00542,C000698
E00543,C000699
E00544,C000700
E00545,C000701
E00546,C000702
E00547,C000703
E00547,C000704
E00548,C000705
E00548,C000706
E00549,C000707
E00549,C000708
E00550,C000709
E00551,C000710
E00552,C000711
E00553,C000712
E00553,C000713
E00554,C000714
E00555,C000715
E00556,C000716
E00557,C000717
E00558,C000718
E00559,C000719
E00560,C000720
E00560,C000721
E00561,C000722
E00561,C000723
E00562,C000724
E00563,C000725
E00564,C000726
E00565,C000727
E00565,C000728
E00565,C000729
E00566,C000730
E00567,C000731
E00567,C000732
E00568,C000733
E00569,C000734
E00570,C000735
E00571,C000736
E00571,C000737
E00572,C000738
E00573,C000739
E00574,C000740
E00575,C000741
E00576,C000742
E00576,C000743
E00577,C000744
E00578,C000745
E00579,C000746
E00580,C000747
E00581,C000748
E00582,C000749
E00583,C000750
E00584,C000751
E00584,C000752
E00585,C000753
E00586,C000754
E00587,C000755
E00588,C000756
E00589,C000757
E00590,C000758
E00591,C000759
E00592,C000760
E00593,C000761
E00594,C000762
E00594,C000763
E00595,C000764
E00595,C000765
E00596,C000766
E00596,C000767
E00597,C000768
E00598,C000769
E00598,C000770
E00599,C000771
E00600,C000772
E00601,C000773
E00602,C000774
E00603,C000775
E00604,C000776
E00605,C000777
E00606,C000778
E00607,C000779
E00607,C000780
E00608,C000781
E00609,C000782
E00610,C000783
E00611,C000784
E00612,C000785
E00613,C000786
E00614,C000787
E00615,C000788
E00615,C000789
E00616,C000790
E00617,C000791
E00617,C000792
E00618,C000793
E00619,C000794
E00619,C000795
E00620,C000796
E00621,C000797
E00621,C000798
E00622,C000799
E00623,C000800
E00623,C000801
E00624,C000802
E00625,C000803
E00626,C000804
E00626,C000805
E00627,C000806
E00628,C000807
E00629,C000808
E00630,C000809
E00631,C000810
E00632,C000811
E00633,C000812
E00634,C000813
E00635,C000814
E00636,C000815
E00636,C000816
E00637,C000817
E00638,C000818
E00639,C000819
E00640,C000820
E00641,C000821
E00641,C000822
E00642,C000823
E00643,C000824
E00644,C000825
E00645,C000826
E00646,C000827
E00647,C000828
E00648,C000829
E00649,C000830
E00650,C000831
E00651,C000832
E00652,C000833
E00652,C000834
E00652,C000835
E00653,C000836
E00654,C000837
E00655,C000838
E00655,C000839
E00656,C000840
E00657,C000841
E00658,C000842
E00659,C000843
E00660,C000844
E00661,C000845
E00662,C000846
E00663,C000847
E00663,C000848
E00664,C000849
E00665,C000850
E00666,C000851
E00667,C000852
E00668,C000853
E00669,C000854
E00670,C000855
E00670,C000856
E00671,C000857
E00672,C000858
E00673,C000859
E00673,C000860
E00674,C000861
E00674,C000862
E00675,C000863
E00676,C000864
E00677,C000865
E00678,C000866
E00678,C000867
E00679,C000868
E00680,C000869
E00681,C000870
E00682,C000871
E00683,C000872
E00683,C000873
E00684,C000874
E00685,C000875
E00685,C000876
E00686,C000877
E00686,C000878
E00687,C000879
E00687,C000880
E00688,C000881
E00689,C000882
E00689,C000883
E00690,C000884
E00691,C000885
E00692,C000886
E00693,C000887
E00694,C000888
E00695,C000889
E00696,C000890
E00696,C000891
E00697,C000892
E00698,C000893
E00698,C000894
E00699,C000895
E00700,C000896
E00701,C000897
E00701,C000898
E00702,C000899
E00703,C000900
E00704,C000901
E00705,C000902
E00706,C000903
E00707,C000904
E00708,C000905
E00709,C000906
E00710,C000907
E00711,C000908
E00712,C000909
E00713,C000910
E00714,C000911
E00714,C000912
E00715,C000913
E00716,C000914
E00717,C000915
E00718,C000916
E00719,C000917
E00719,C000918
E00720,C000919
E00721,C000920
E00722,C000921
E00723,C000922
E00724,C000923
E00725,C000924
E00726,C000925
E00726,C000926
E00727,C000927
E00728,C000928
E00729,C000929
E00730,C000930
E00731,C000931
E00732,C000932
E00733,C000933
E00734,C000934
E00735,C000935
E00735,C000936
E00736,C000937
E00736,C000938
E00737,C000939
E00737,C000940
E00738,C000941
E00739,C000942
E00740,C000943
E00741,C000944
E00742,C000945
E00742,C000946
E00743,C000947
E00744,C000948
E00745,C000949
E00745,C000950
E00746,C000951
E00747,C000952
E00747,C000953
E00748,C000954
E00749,C000955
E00750,C000956
E00751,C000957
E00752,C000958
E00752,C000959
E00753,C000960
E00754,C000961
E00754,C000962
E00755,C000963
E00755,C000964
E00756,C000965
E00757,C000966
E00757,C000967
E00758,C000968
E00759,C000969
E00760,C000970
E00760,C000971
E00761,C000972
E00762,C000973
E00763,C000974
E00764,C000975
E00765,C000976
E00766,C000977
E00766,C000978
E00767,C000979
E00768,C000980
E00769,C000981
E00770,C000982
E00771,C000983
E00772,C000984
E00773,C000985
E00774,C000986
E00775,C000987
E00776,C000988
E00777,C000989
E00778,C000990
E00778,C000991
E00779,C000992
E00780,C000993
E00781,C000994
E00782,C000995
E00783,C000996
E00784,C000997
E00785,C000998
E00786,C000999
E00787,C001000
E00788,C001001
E00789,C001002
E00789,C001003
E00790,C001004
E00790,C001005
E00791,C001006
E00792,C001007
E00793,C001008
E00794,C001009
E00795,C001010
E00795,C001011
E00796,C001012
E00797,C001013
E00797,C001014
E00798,C001015
E00799,C001016
E00800,C001017
E00801,C001018
E00802,C001019
E00803,C001020
E00803,C001021
E00804,C001022
E00805,C001023
E00806,C001024
E00806,C001025
E00807,C001026
E00808,C001027
E00809,C001028
E00810,C001029
E00810,C001030
E00811,C001031
E00811,C001032
E00812,C001033
E00813,C001034
E00813,C001035
E00814,C001036
E00814,C001037
E00814,C001038
E00815,C001039
E00816,C001040
E00817,C001041
E00818,C001042
E00819,C001043
E00820,C001044
E00821,C001045
E00821,C001046
E00822,C001047
E00823,C001048
E00824,C001049
E00825,C001050
E00826,C001051
E00826,C001052
E00827,C001053
E00828,C001054
E00828,C001055
E00829,C001056
E00830,C001057
E00830,C001058
E00831,C001059
E00832,C001060
E00833,C001061
E00834,C001062
E00835,C001063
E00836,C001064
E00837,C001065
E00837,C001066
E00838,C001067
E00839,C001068
E00840,C001069
E00841,C001070
E00841,C001071
E00842,C001072
E00842,C001073
E00843,C001074
E00844,C001075
E00844,C001076
E00845,C001077
E00845,C001078
E00846,C001079
E00847,C001080
E00847,C001081
E00848,C001082
E00848,C001083
E00849,C001084
E00850,C001085
E00851,C001086
E00852,C001087
E00853,C001088
E00854,C001089
E00855,C001090
E00856,C001091
E00856,C001092
E00857,C001093
E00857,C001094
E00858,C001095
E00859,C001096
E00859,C001097
E00860,C001098
E00861,C001099
E00862,C001100
E00863,C001101
E00864,C001102
E00865,C001103
E00866,C001104
E00867,C001105
E00868,C001106
E00868,C001107
E00869,C001108
E00869,C001109
E00870,C001110
E00871,C001111
E00871,C001112
E00872,C001113
E00873,C001114
E00874,C001115
E00875,C001116
E00876,C001117
E00877,C001118
E00878,C001119
E00879,C001120
E00880,C001121
E00881,C001122
E00881,C001123
E00882,C001124
E00883,C001125
E00884,C001126
E00885,C001127
E00885,C001128
E00886,C001129
E00887,C001130
E00888,C001131
E00888,C001132
E00889,C001133
E00889,C001134
E00890,C001135
E00890,C001136
E00891,C001137
E00892,C001138
E00893,C001139
E00893,C001140
E00894,C001141
E00894,C001142
E00895,C001143
E00896,C001144
E00896,C001145
E00897,C001146
E00898,C001147
E00898,C001148
E00899,C001149
E00900,C001150
E00901,C001151
E00902,C001152
E00903,C001153
E00904,C001154
E00905,C001155
E00905,C001156
E00906,C001157
E00906,C001158
E00907,C001159
E00908,C001160
E00909,C001161
E00909,C001162
E00910,C001163
E00911,C001164
E00911,C001165
E00912,C001166
E00913,C001167
E00914,C001168
E00915,C001169
E00915,C001170
E00916,C001171
E00916,C001172
E00917,C001173
E00918,C001174
E00918,C001175
E00919,C001176
E00920,C001177
E00921,C001178
E00922,C001179
E00923,C001180
E00924,C001181
E00925,C001182
E00926,C001183
E00926,C001184
E00927,C001185
E00928,C001186
E00929,C001187
E00930,C001188
E00931,C001189
E00932,C001190
E00932,C001191
E00933,C001192
E00933,C001193
E00934,C001194
E00935,C001195
E00936,C001196
E00936,C001197
E00937,C001198
E00937,C001199
E00938,C001200
E00939,C001201
E00940,C001202
E00941,C001203
E00942,C001204
E00943,C001205
E00944,C001206
E00945,C001207
E00946,C001208
E00946,C001209
E00947,C001210
E00948,C001211
E00949,C001212
E00950,C001213
E00951,C001214
E00952,C001215
E00952,C001216
E00953,C001217
E00954,C001218
E00954,C001219
E00955,C001220
E00956,C001221
E00957,C001222
E00958,C001223
E00959,C001224
E00960,C001225
E00961,C001226
E00962,C001227
E00963,C001228
E00964,C001229
E00965,C001230
E00966,C001231
E00967,C001232
E00968,C001233
E00969,C001234
E00970,C001235
E00971,C001236
E00971,C001237
E00972,C001238
E00973,C001239
E00973,C001240
E00974,C001241
E00975,C001242
E00976,C001243
E00977,C001244
E00978,C001245
E00979,C001246
E00979,C001247
E00980,C001248
E00980,C001249
E00981,C001250
E00982,C001251
E00983,C001252
E00983,C001253
E00984,C001254
E00984,C001255
E00985,C001256
E00986,C001257
E00987,C001258
E00988,C001259
E00988,C001260
E00989,C001261
E00990,C001262
E00991,C001263
E00992,C001264
E00993,C001265
E00994,C001266
E00995,C001267
E00996,C001268
E00997,C001269
E00998,C001270
E00998,C001271
E00999,C001272
E01000,C001273
E01001,C001274
E01002,C001275
E01003,C001276
E01003,C001277
E01004,C001278
E01004,C001279
E01005,C001280
E01006,C001281
E01007,C001282
E01008,C001283
E01009,C001284
E01010,C001285
E01011,C001286
E01012,C001287
E01013,C001288
E01014,C001289
E01015,C001290
E01016,C001291
E01017,C001292
E01018,C001293
E01019,C001294
E01019,C001295
E01020,C001296
E01021,C001297
E01022,C001298
E01023,C001299
E01024,C001300
E01025,C001301
E01026,C001302
E01027,C001303
E01027,C001304
E01028,C001305
E01029,C001306
E01029,C001307
E01030,C001308
E01031,C001309
E01032,C001310
E01033,C001311
E01033,C001312
E01034,C001313
E01035,C001314
E01036,C001315
E01037,C001316
E01038,C001317
E01038,C001318
E01039,C001319
E01040,C001320
E01041,C001321
E01042,C001322
E01043,C001323
E01044,C001324
E01045,C001325
E01045,C001326
E01046,C001327
E01047,C001328
E01048,C001329
E01048,C001330
E01049,C001331
E01050,C001332
E01050,C001333
E01051,C001334
E01052,C001335
E01053,C001336
E01054,C001337
E01055,C001338
E01056,C001339
E01056,C001340
E01057,C001341
E01058,C001342
E01059,C001343
E01060,C001344
E01060,C001345
E01061,C001346
E01062,C001347
E01063,C001348
E01064,C001349
E01065,C001350
E01065,C001351
E01066,C001352
E01066,C001353
E01067,C001354
E01067,C001355
E01068,C001356
E01069,C001357
E01069,C001358
E01070,C001359
E01071,C001360
E01072,C001361
E01073,C001362
E01074,C001363
E01075,C001364
E01076,C001365
E01077,C001366
E01078,C001367
E01079,C001368
E01080,C001369
E01081,C001370
E01082,C001371
E01083,C001372
E01084,C001373
E01085,C001374
E01086,C001375
E01087,C001376
E01088,C001377
E01089,C001378
E01090,C001379
E01091,C001380
E01092,C001381
E01093,C001382
E01093,C001383
E01094,C001384
E01094,C001385
E01095,C001386
E01096,C001387
E01097,C001388
E01098,C001389
E01099,C001390
E01100,C001391
E01101,C001392
E01101,C001393
E01102,C001394
E01103,C001395
E01104,C001396
E01105,C001397
E01106,C001398
E01107,C001399
E01108,C001400
E01109,C001401
E01110,C001402
E01111,C001403
E01112,C001404
E01113,C001405
E01114,C001406
E01115,C001407
E01116,C001408
E01117,C001409
E01118,C001410
E01118,C001411
E01119,C001412
E01120,C001413
E01121,C001414
E01122,C001415
E01123,C001416
E01123,C001417
E01124,C001418
E01124,C001419
E01125,C001420
E01126,C001421
E01127,C001422
E01128,C001423
E01129,C001424
E01129,C001425
E01130,C001426
E01131,C001427
E01132,C001428
E01132,C001429
E01133,C001430
E01134,C001431
E01134,C001432
E01135,C001433
E01136,C001434
E01137,C001435
E01138,C001436
E01138,C001437
E01139,C001438
E01140,C001439
E01141,C001440
E01142,C001441
E01143,C001442
E01144,C001443
E01145,C001444
E01146,C001445
E01146,C001446
E01147,C001447
E01148,C001448
E01149,C001449
E01149,C001450
E01150,C001451
E01151,C001452
E01152,C001453
E01152,C001454
E01153,C001455
E01154,C001456
E01155,C001457
E01156,C001458
E01156,C001459
E01157,C001460
E01158,C001461
E01158,C001462
E01159,C001463
E01159,C001464
E01160,C001465
E01161,C001466
E01162,C001467
E01163,C001468
E01164,C001469
E01165,C001470
E01166,C001471
E01167,C001472
E01167,C001473
E01168,C001474
E01169,C001475
E01170,C001476
E01171,C001477
E01172,C001478
E01172,C001479
E01173,C001480
E01174,C001481
E01174,C001482
E01175,C001483
E01176,C001484
E01177,C001485
E01178,C001486
E01179,C001487
E01179,C001488
E01180,C001489
E01181,C001490
E01182,C001491
E01183,C001492
E01183,C001493
E01184,C001494
E01185,C001495
E01186,C001496
E01187,C001497
E01188,C001498
E01189,C001499
E01190,C001500
E01190,C001501
E01191,C001502
E01192,C001503
E01193,C001504
E01194,C001505
E01195,C001506
E01196,C001507
E01197,C001508
E01198,C001509
E01199,C001510
E01200,C001511
E01201,C001512
E01202,C001513
E01202,C001514
E01203,C001515
E01203,C001516
E01204,C001517
E01205,C001518
E01205,C001519
E01206,C001520
E01206,C001521
E01207,C001522
E01208,C001523
E01209,C001524
E01210,C001525
E01210,C001526
E01211,C001527
E01212,C001528
E01213,C001529
E01214,C001530
E01215,C001531
E01216,C001532
E01217,C001533
E01218,C001534
E01219,C001535
E01220,C001536
E01221,C001537
E01222,C001538
E01223,C001539
E01224,C001540
E01225,C001541
E01226,C001542
E01227,C001543
E01228,C001544
E01229,C001545
E01229,C001546
E01230,C001547
E01230,C001548
E01231,C001549
E01232,C001550
E01233,C001551
E01233,C001552
E01234,C001553
E01234,C001554
E01235,C001555
E01236,C001556
E01236,C001557
E01237,C001558
E01238,C001559
E01238,C001560
E01239,C001561
E01239,C001562
E01240,C001563
E01240,C001564
E01241,C001565
E01241,C001566
E01242,C001567
E01243,C001568
E01244,C001569
E01245,C001570
E01245,C001571
E01246,C001572
E01246,C001573
E01247,C001574
E01248,C001575
E01249,C001576
E01249,C001577
E01250,C001578
E01250,C001579
E01251,C001580
E01251,C001581
E01252,C001582
E01253,C001583
E01253,C001584
E01254,C001585
E01254,C001586
E01255,C001587
E01255,C001588
E01256,C001589
E01257,C001590
E01257,C001591
E01258,C001592
E01259,C001593
E01260,C001594
E01261,C001595
E01262,C001596
E01263,C001597
E01264,C001598
E01264,C001599
E01265,C001600
E01266,C001601
E01267,C001602
E01268,C001603
E01269,C001604
E01270,C001605
E01270,C001606
E01271,C001607
E01272,C001608
E01272,C001609
E01273,C001610
E01274,C001611
E01275,C001612
E01276,C001613
E01277,C001614
E01277,C001615
E01278,C001616
E01278,C001617
E01279,C001618
E01280,C001619
E01281,C001620
E01282,C001621
E01283,C001622
E01284,C001623
E01284,C001624
E01285,C001625
E01285,C001626
E01286,C001627
E01286,C001628
E01287,C001629
E01288,C001630
E01289,C001631
E01290,C001632
E01290,C001633
E01291,C001634
E01292,C001635
E01293,C001636
E01294,C001637
E01295,C001638
E01296,C001639
E01297,C001640
E01298,C001641
E01298,C001642
E01299,C001643
E01300,C001644
E01301,C001645
E01302,C001646
E01303,C001647
E01304,C001648
E01304,C001649
E01305,C001650
E01306,C001651
E01307,C001652
E01308,C001653
E01309,C001654
E01310,C001655
E01311,C001656
E01312,C001657
E01313,C001658
E01314,C001659
E01315,C001660
E01316,C001661
E01317,C001662
E01318,C001663
E01319,C001664
E01320,C001665
E01321,C001666
E01321,C001667
E01322,C001668
E01323,C001669
E01324,C001670
E01324,C001671
E01325,C001672
E01326,C001673
E01327,C001674
E01328,C001675
E01329,C001676
E01330,C001677
E01331,C001678
E01332,C001679
E01333,C001680
E01334,C001681
E01335,C001682
E01335,C001683
E01336,C001684
E01336,C001685
E01337,C001686
E01337,C001687
E01338,C001688
E01338,C001689
E01339,C001690
E01340,C001691
E01341,C001692
E01342,C001693
E01343,C001694
E01344,C001695
E01345,C001696
E01346,C001697
E01346,C001698
E01347,C001699
E01348,C001700
E01348,C001701
E01349,C001702
E01350,C001703
E01350,C001704
E01351,C001705
E01352,C001706
E01353,C001707
E01354,C001708
E01355,C001709
E01356,C001710
E01356,C001711
E01357,C001712
E01358,C001713
E01359,C001714
E01359,C001715
E01360,C001716
E01361,C001717
E01362,C001718
E01363,C001719
E01364,C001720
E01364,C001721
E01365,C001722
E01366,C001723
E01367,C001724
E01367,C001725
E01368,C001726
E01369,C001727
E01370,C001728
E01371,C001729
E01372,C001730
E01373,C001731
E01374,C001732
E01375,C001733
E01376,C001734
E01377,C001735
E01378,C001736
E01379,C001737
E01379,C001738
E01380,C001739
E01381,C001740
E01381,C001741
E01382,C001742
E01383,C001743
E01384,C001744
E01385,C001745
E01386,C001746
E01387,C001747
E01387,C001748
E01388,C001749
E01389,C001750
E01390,C001751
E01391,C001752
E01391,C001753
E01392,C001754
E01393,C001755
E01394,C001756
E01395,C001757
E01395,C001758
E01396,C001759
E01397,C001760
E01398,C001761
E01399,C001762
E01400,C001763
E01400,C001764
E01401,C001765
E01402,C001766
E01403,C001767
E01404,C001768
E01404,C001769
E01405,C001770
E01406,C001771
E01406,C001772
E01407,C001773
E01408,C001774
E01409,C001775
E01410,C001776
E01411,C001777
E01411,C001778
E01412,C001779
E01413,C001780
E01414,C001781
E01415,C001782
E01415,C001783
E01416,C001784
E01416,C001785
E01417,C001786
E01417,C001787
E01418,C001788
E01418,C001789
E01419,C001790
E01419,C001791
E01420,C001792
E01421,C001793
E01421,C001794
E01422,C001795
E01422,C001796
E01423,C001797
E01423,C001798
E01424,C001799
E01425,C001800
E01426,C001801
E01426,C001802
E01427,C001803
E01428,C001804
E01428,C001805
E01429,C001806
E01429,C001807
E01430,C001808
E01431,C001809
E01431,C001810
E01432,C001811
E01433,C001812
E01434,C001813
E01435,C001814
E01436,C001815
E01437,C001816
E01438,C001817
E01438,C001818
E01439,C001819
E01440,C001820
E01440,C001821
E01441,C001822
E01442,C001823
E01443,C001824
E01444,C001825
E01445,C001826
E01445,C001827
E01446,C001828
E01446,C001829
E01447,C001830
E01448,C001831
E01449,C001832
E01450,C001833
E01451,C001834
E01451,C001835
E01452,C001836
E01452,C001837
E01453,C001838
E01454,C001839
E01455,C001840
E01456,C001841
E01457,C001842
E01457,C001843
E01458,C001844
E01458,C001845
E01459,C001846
E01460,C001847
E01460,C001848
E01461,C001849
E01462,C001850
E01462,C001851
E01463,C001852
E01464,C001853
E01465,C001854
E01465,C001855
E01466,C001856
E01467,C001857
E01468,C001858
E01469,C001859
E01470,C001860
E01470,C001861
E01471,C001862
E01472,C001863
E01473,C001864
E01473,C001865
E01474,C001866
E01474,C001867
E01475,C001868
E01476,C001869
E01476,C001870
E01477,C001871
E01478,C001872
E01479,C001873
E01480,C001874
E01481,C001875
E01481,C001876
E01482,C001877
E01482,C001878
E01483,C001879
E01484,C001880
E01485,C001881
E01486,C001882
E01487,C001883
E01488,C001884
E01488,C001885
E01489,C001886
E01490,C001887
E01491,C001888
E01491,C001889
E01492,C001890
E01492,C001891
E01493,C001892
E01493,C001893
E01494,C001894
E01494,C001895
E01494,C001896
E01495,C001897
E01496,C001898
E01497,C001899
E01498,C001900
E01499,C001901
E01500,C001902
E01501,C001903
E01502,C001904
E01503,C001905
E01504,C001906
E01505,C001907
E01506,C001908
E01507,C001909
E01508,C001910
E01509,C001911
E01510,C001912
E01511,C001913
E01512,C001914
E01512,C001915
E01513,C001916
E01514,C001917
E01515,C001918
E01516,C001919
E01516,C001920
E01517,C001921
E01517,C001922
E01518,C001923
E01518,C001924
E01519,C001925
E01519,C001926
E01519,C001927
E01520,C001928
E01521,C001929
E01522,C001930
E01523,C001931
E01524,C001932
E01524,C001933
E01525,C001934
E01526,C001935
E01527,C001936
E01527,C001937
E01528,C001938
E01529,C001939
E01530,C001940
E01531,C001941
E01531,C001942
E01532,C001943
E01533,C001944
E01533,C001945
E01534,C001946
E01534,C001947
E01535,C001948
E01536,C001949
E01537,C001950
E01538,C001951
E01539,C001952
E01540,C001953
E01541,C001954
E01542,C001955
E01543,C001956
E01544,C001957
E01545,C001958
E01546,C001959
E01547,C001960
E01547,C001961
E01548,C001962
E01549,C001963
E01550,C001964
E01550,C001965
E01551,C001966
E01552,C001967
E01552,C001968
E01553,C001969
E01553,C001970
E01554,C001971
E01555,C001972
E01556,C001973
E01557,C001974
E01558,C001975
E01558,C001976
E01558,C001977
E01559,C001978
E01560,C001979
E01561,C001980
E01562,C001981
E01563,C001982
E01564,C001983
E01565,C001984
E01566,C001985
E01567,C001986
E01567,C001987
E01568,C001988
E01569,C001989
E01569,C001990
E01570,C001991
E01571,C001992
E01572,C001993
E01572,C001994
E01573,C001995
E01574,C001996
E01574,C001997
E01575,C001998
E01576,C001999
E01576,C002000
E01577,C002001
E01578,C002002
E01579,C002003
E01580,C002004
E01581,C002005
E01582,C002006
E01582,C002007
E01583,C002008
E01584,C002009
E01585,C002010
E01586,C002011
E01587,C002012
E01588,C002013
E01588,C002014
E01589,C002015
E01590,C002016
E01591,C002017
E01591,C002018
E01592,C002019
E01592,C002020
E01593,C002021
E01594,C002022
E01595,C002023
E01596,C002024
E01596,C002025
E01597,C002026
E01598,C002027
E01598,C002028
E01599,C002029
E01600,C002030
E01601,C002031
E01602,C002032
E01602,C002033
E01603,C002034
E01604,C002035
E01605,C002036
E01606,C002037
E01606,C002038
E01607,C002039
E01607,C002040
E01608,C002041
E01609,C002042
E01610,C002043
E01611,C002044
E01612,C002045
E01612,C002046
E01613,C002047
E01614,C002048
E01615,C002049
E01615,C002050
E01616,C002051
E01617,C002052
E01618,C002053
E01618,C002054
E01619,C002055
E01619,C002056
E01620,C002057
E01621,C002058
E01621,C002059
E01622,C002060
E01623,C002061
E01624,C002062
E01624,C002063
E01625,C002064
E01625,C002065
E01626,C002066
E01627,C002067
E01628,C002068
E01628,C002069
E01629,C002070
E01630,C002071
E01630,C002072
E01631,C002073
E01631,C002074
E01632,C002075
E01633,C002076
E01634,C002077
E01635,C002078
E01636,C002079
E01637,C002080
E01638,C002081
E01639,C002082
E01640,C002083
E01641,C002084
E01642,C002085
E01643,C002086
E01644,C002087
E01645,C002088
E01645,C002089
E01646,C002090
E01646,C002091
E01647,C002092
E01647,C002093
E01648,C002094
E01649,C002095
E01649,C002096
E01650,C002097
E01651,C002098
E01651,C002099
E01652,C002100
E01653,C002101
E01654,C002102
E01655,C002103
E01656,C002104
E01657,C002105
E01658,C002106
E01659,C002107
E01659,C002108
E01660,C002109
E01660,C002110
E01661,C002111
E01662,C002112
E01663,C002113
E01664,C002114
E01665,C002115
E01666,C002116
E01667,C002117
E01668,C002118
E01669,C002119
E01670,C002120
E01671,C002121
E01672,C002122
E01672,C002123
E01673,C002124
E01674,C002125
E01675,C002126
E01676,C002127
E01677,C002128
E01678,C002129
E01679,C002130
E01680,C002131
E01681,C002132
E01682,C002133
E01683,C002134
E01684,C002135
E01685,C002136
E01686,C002137
E01687,C002138
E01688,C002139
E01689,C002140
E01690,C002141
E01690,C002142
E01691,C002143
E01692,C002144
E01693,C002145
E01694,C002146
E01695,C002147
E01696,C002148
E01696,C002149
E01697,C002150
E01698,C002151
E01699,C002152
E01700,C002153
E01701,C002154
E01702,C002155
E01703,C002156
E01704,C002157
E01704,C002158
E01704,C002159
E01705,C002160
E01706,C002161
E01707,C002162
E01707,C002163
E01708,C002164
E01709,C002165
E01710,C002166
E01710,C002167
E01711,C002168
E01712,C002169
E01713,C002170
E01714,C002171
E01715,C002172
E01716,C002173
E01717,C002174
E01717,C002175
E01718,C002176
E01719,C002177
E01720,C002178
E01721,C002179
E01722,C002180
E01723,C002181
E01724,C002182
E01725,C002183
E01726,C002184
E01727,C002185
E01728,C002186
E01729,C002187
E01729,C002188
E01730,C002189
E01731,C002190
E01732,C002191
E01733,C002192
E01734,C002193
E01734,C002194
E01735,C002195
E01736,C002196
E01737,C002197
E01738,C002198
E01738,C002199
E01739,C002200
E01740,C002201
E01740,C002202
E01741,C002203
E01742,C002204
E01743,C002205
E01743,C002206
E01744,C002207
E01745,C002208
E01746,C002209
E01747,C002210
E01748,C002211
E01749,C002212
E01749,C002213
E01750,C002214
E01750,C002215
E01751,C002216
E01751,C002217
E01752,C002218
E01753,C002219
E01754,C002220
E01755,C002221
E01755,C002222
E01756,C002223
E01757,C002224
E01757,C002225
E01758,C002226
E01758,C002227
E01759,C002228
E01760,C002229
E01760,C002230
E01761,C002231
E01762,C002232
E01763,C002233
E01764,C002234
E01765,C002235
E01766,C002236
E01767,C002237
E01768,C002238
E01769,C002239
E01769,C002240
E01770,C002241
E01771,C002242
E01772,C002243
E01773,C002244
E01773,C002245
E01774,C002246
E01774,C002247
E01775,C002248
E01776,C002249
E01777,C002250
E01778,C002251
E01778,C002252
E01779,C002253
E01780,C002254
E01780,C002255
E01781,C002256
E01781,C002257
E01782,C002258
E01783,C002259
E01784,C002260
E01785,C002261
E01786,C002262
E01786,C002263
E01787,C002264
E01788,C002265
E01789,C002266
E01790,C002267
E01791,C002268
E01791,C002269
E01792,C002270
E01793,C002271
E01794,C002272
E01795,C002273
E01796,C002274
E01797,C002275
E01798,C002276
E01798,C002277
E01799,C002278
E01800,C002279
E01801,C002280
E01802,C002281
E01803,C002282
E01803,C002283
E01804,C002284
E01805,C002285
E01806,C002286
E01807,C002287
E01807,C002288
E01808,C002289
E01809,C002290
E01809,C002291
E01810,C002292
E01810,C002293
E01811,C002294
E01812,C002295
E01813,C002296
E01814,C002297
E01815,C002298
E01816,C002299
E01817,C002300
E01818,C002301
E01819,C002302
E01819,C002303
E01820,C002304
E01821,C002305
E01822,C002306
E01823,C002307
E01823,C002308
E01823,C002309
E01824,C002310
E01825,C002311
E01826,C002312
E01827,C002313
E01828,C002314
E01829,C002315
E01830,C002316
E01831,C002317
E01832,C002318
E01833,C002319
E01834,C002320
E01834,C002321
E01835,C002322
E01836,C002323
E01837,C002324
E01838,C002325
E01839,C002326
E01840,C002327
E01841,C002328
E01842,C002329
E01843,C002330
E01844,C002331
E01845,C002332
E01846,C002333
E01847,C002334
E01848,C002335
E01849,C002336
E01849,C002337
E01850,C002338
E01851,C002339
E01852,C002340
E01853,C002341
E01854,C002342
E01855,C002343
E01856,C002344
E01856,C002345
E01857,C002346
E01858,C002347
E01859,C002348
E01859,C002349
E01860,C002350
E01861,C002351
E01862,C002352
E01863,C002353
E01864,C002354
E01865,C002355
E01866,C002356
E01866,C002357
E01867,C002358
E01868,C002359
E01868,C002360
E01869,C002361
E01870,C002362
E01871,C002363
E01872,C002364
E01873,C002365
E01874,C002366
E01875,C002367
E01875,C002368
E01876,C002369
E01877,C002370
E01878,C002371
E01879,C002372
E01880,C002373
E01881,C002374
E01882,C002375
E01883,C002376
E01883,C002377
E01884,C002378
E01885,C002379
E01886,C002380
E01887,C002381
E01887,C002382
E01888,C002383
E01889,C002384
E01890,C002385
E01891,C002386
E01891,C002387
E01892,C002388
E01893,C002389
E01894,C002390
E01895,C002391
E01895,C002392
E01896,C002393
E01896,C002394
E01897,C002395
E01897,C002396
E01898,C002397
E01899,C002398
E01900,C002399
E01901,C002400
E01901,C002401
E01901,C002402
E01902,C002403
E01903,C002404
E01903,C002405
E01904,C002406
E01904,C002407
E01905,C002408
E01906,C002409
E01907,C002410
E01907,C002411
E01908,C002412
E01908,C002413
E01909,C002414
E01909,C002415
E01910,C002416
E01910,C002417
E01911,C002418
E01912,C002419
E01913,C002420
E01914,C002421
E01914,C002422
E01915,C002423
E01916,C002424
E01917,C002425
E01918,C002426
E01918,C002427
E01919,C002428
E01920,C002429
E01921,C002430
E01922,C002431
E01923,C002432
E01924,C002433
E01925,C002434
E01925,C002435
E01926,C002436
E01927,C002437
E01928,C002438
E01929,C002439
E01929,C002440
E01930,C002441
E01930,C002442
E01931,C002443
E01932,C002444
E01932,C002445
E01933,C002446
E01934,C002447
E01934,C002448
E01935,C002449
E01936,C002450
E01936,C002451
E01937,C002452
E01938,C002453
E01938,C002454
E01939,C002455
E01940,C002456
E01941,C002457
E01942,C002458
E01942,C002459
E01943,C002460
E01944,C002461
E01945,C002462
E01946,C002463
E01947,C002464
E01947,C002465
E01948,C002466
E01949,C002467
E01950,C002468
E01950,C002469
E01951,C002470
E01952,C002471
E01953,C002472
E01954,C002473
E01955,C002474
E01956,C002475
E01957,C002476
E01957,C002477
E01958,C002478
E01959,C002479
E01960,C002480
E01961,C002481
E01962,C002482
E01963,C002483
E01964,C002484
E01965,C002485
E01966,C002486
E01967,C002487
E01968,C002488
E01969,C002489
E01969,C002490
E01970,C002491
E01971,C002492
E01972,C002493
E01973,C002494
E01974,C002495
E01975,C002496
E01976,C002497
E01976,C002498
E01977,C002499
E01978,C002500
E01979,C002501
E01980,C002502
E01981,C002503
E01982,C002504
E01983,C002505
E01984,C002506
E01985,C002507
E01986,C002508
E01987,C002509
E01988,C002510
E01988,C002511
E01989,C002512
E01990,C002513
E01990,C002514
E01991,C002515
E01992,C002516
E01993,C002517
E01994,C002518
E01995,C002519
E01996,C002520
E01996,C002521
E01997,C002522
E01998,C002523
E01999,C002524
E02000,C002525
E02000,C002526
E02001,C002527
E02002,C002528
E02003,C002529
E02004,C002530
E02005,C002531
E02006,C002532
E02007,C002533
E02008,C002534
E02009,C002535
E02009,C002536
E02010,C002537
E02011,C002538
E02012,C002539
E02013,C002540
E02014,C002541
E02015,C002542
E02016,C002543
E02017,C002544
E02018,C002545
E02019,C002546
E02020,C002547
E02021,C002548
E02022,C002549
E02023,C002550
E02024,C002551
E02024,C002552
E02025,C002553
E02025,C002554
E02026,C002555
E02027,C002556
E02027,C002557
E02028,C002558
E02029,C002559
E02030,C002560
E02031,C002561
E02031,C002562
E02032,C002563
E02032,C002564
E02033,C002565
E02034,C002566
E02035,C002567
E02035,C002568
E02036,C002569
E02037,C002570
E02038,C002571
E02038,C002572
E02039,C002573
E02040,C002574
E02041,C002575
E02041,C002576
E02042,C002577
E02043,C002578
E02044,C002579
E02045,C002580
E02045,C002581
E02045,C002582
E02046,C002583
E02047,C002584
E02048,C002585
E02048,C002586
E02049,C002587
E02049,C002588
E02050,C002589
E02051,C002590
E02052,C002591
E02052,C002592
E02053,C002593
E02054,C002594
E02055,C002595
E02055,C002596
E02056,C002597
E02057,C002598
E02058,C002599
E02059,C002600
E02060,C002601
E02061,C002602
E02062,C002603
E02063,C002604
E02064,C002605
E02065,C002606
E02065,C002607
E02066,C002608
E02066,C002609
E02067,C002610
E02067,C002611
E02068,C002612
E02069,C002613
E02070,C002614
E02071,C002615
E02072,C002616
E02073,C002617
E02074,C002618
E02074,C002619
E02075,C002620
E02075,C002621
E02076,C002622
E02077,C002623
E02078,C002624
E02078,C002625
E02079,C002626
E02079,C002627
E02080,C002628
E02080,C002629
E02081,C002630
E02081,C002631
E02082,C002632
E02083,C002633
E02083,C002634
E02084,C002635
E02085,C002636
E02086,C002637
E02087,C002638
E02087,C002639
E02088,C002640
E02089,C002641
E02090,C002642
E02090,C002643
E02091,C002644
E02091,C002645
E02091,C002646
E02092,C002647
E02093,C002648
E02094,C002649
E02094,C002650
E02095,C002651
E02096,C002652
E02097,C002653
E02098,C002654
E02099,C002655
E02100,C002656
E02101,C002657
E02102,C002658
E02103,C002659
E02104,C002660
E02105,C002661
E02106,C002662
E02107,C002663
E02108,C002664
E02109,C002665
E02109,C002666
E02110,C002667
E02110,C002668
E02111,C002669
E02112,C002670
E02113,C002671
E02114,C002672
E02114,C002673
E02115,C002674
E02116,C002675
E02117,C002676
E02118,C002677
E02119,C002678
E02119,C002679
E02120,C002680
E02121,C002681
E02122,C002682
E02123,C002683
E02123,C002684
E02123,C002685
E02124,C002686
E02125,C002687
E02125,C002688
E02126,C002689
E02127,C002690
E02127,C002691
E02128,C002692
E02129,C002693
E02130,C002694
E02131,C002695
E02132,C002696
E02133,C002697
E02134,C002698
E02135,C002699
E02136,C002700
E02137,C002701
E02138,C002702
E02139,C002703
E02139,C002704
E02140,C002705
E02141,C002706
E02142,C002707
E02143,C002708
E02143,C002709
E02143,C002710
E02144,C002711
E02145,C002712
E02146,C002713
E02147,C002714
E02148,C002715
E02149,C002716
E02149,C002717
E02150,C002718
E02150,C002719
E02151,C002720
E02152,C002721
E02153,C002722
E02154,C002723
E02154,C002724
E02155,C002725
E02156,C002726
E02157,C002727
E02158,C002728
E02159,C002729
E02160,C002730
E02161,C002731
E02162,C002732
E02163,C002733
E02164,C002734
E02165,C002735
E02165,C002736
E02166,C002737
E02167,C002738
E02168,C002739
E02168,C002740
E02169,C002741
E02169,C002742
E02170,C002743
E02171,C002744
E02171,C002745
E02172,C002746
E02173,C002747
E02174,C002748
E02175,C002749
E02176,C002750
E02177,C002751
E02178,C002752
E02179,C002753
E02180,C002754
E02181,C002755
E02182,C002756
E02183,C002757
E02184,C002758
E02184,C002759
E02185,C002760
E02186,C002761
E02186,C002762
E02187,C002763
E02188,C002764
E02188,C002765
E02189,C002766
E02190,C002767
E02191,C002768
E02191,C002769
E02192,C002770
E02193,C002771
E02194,C002772
E02195,C002773
E02195,C002774
E02196,C002775
E02197,C002776
E02198,C002777
E02199,C002778
E02200,C002779
E02201,C002780
E02202,C002781
E02203,C002782
E02204,C002783
E02204,C002784
E02205,C002785
E02205,C002786
E02206,C002787
E02206,C002788
E02207,C002789
E02207,C002790
E02208,C002791
E02209,C002792
E02210,C002793
E02211,C002794
E02212,C002795
E02212,C002796
E02213,C002797
E02214,C002798
E02214,C002799
E02215,C002800
E02216,C002801
E02217,C002802
E02217,C002803
E02218,C002804
E02219,C002805
E02219,C002806
E02220,C002807
E02220,C002808
E02221,C002809
E02221,C002810
E02222,C002811
E02223,C002812
E02224,C002813
E02225,C002814
E02226,C002815
E02226,C002816
E02227,C002817
E02227,C002818
E02228,C002819
E02229,C002820
E02230,C002821
E02230,C002822
E02231,C002823
E02231,C002824
E02232,C002825
E02233,C002826
E02233,C002827
E02234,C002828
E02235,C002829
E02236,C002830
E02236,C002831
E02237,C002832
E02238,C002833
E02238,C002834
E02239,C002835
E02240,C002836
E02241,C002837
E02242,C002838
E02243,C002839
E02244,C002840
E02245,C002841
E02246,C002842
E02246,C002843
E02247,C002844
E02248,C002845
E02249,C002846
E02250,C002847
E02251,C002848
E02252,C002849
E02253,C002850
E02254,C002851
E02255,C002852
E02256,C002853
E02257,C002854
E02258,C002855
E02258,C002856
E02258,C002857
E02259,C002858
E02260,C002859
E02261,C002860
E02262,C002861
E02262,C002862
E02263,C002863
E02263,C002864
E02264,C002865
E02265,C002866
E02266,C002867
E02267,C002868
E02268,C002869
E02269,C002870
E02270,C002871
E02270,C002872
E02271,C002873
E02272,C002874
E02273,C002875
E02274,C002876
E02274,C002877
E02275,C002878
E02276,C002879
E02277,C002880
E02278,C002881
E02278,C002882
E02279,C002883
E02280,C002884
E02281,C002885
E02282,C002886
E02283,C002887
E02284,C002888
E02284,C002889
E02285,C002890
E02286,C002891
E02287,C002892
E02288,C002893
E02289,C002894
E02289,C002895
E02290,C002896
E02291,C002897
E02292,C002898
E02293,C002899
E02294,C002900
E02295,C002901
E02296,C002902
E02296,C002903
E02297,C002904
E02298,C002905
E02298,C002906
E02299,C002907
E02300,C002908
E02301,C002909
E02302,C002910
E02303,C002911
E02304,C002912
E02304,C002913
E02305,C002914
E02306,C002915
E02307,C002916
E02308,C002917
E02309,C002918
E02310,C002919
E02311,C002920
E02312,C002921
E02313,C002922
E02314,C002923
E02315,C002924
E02315,C002925
E02316,C002926
E02317,C002927
E02318,C002928
E02319,C002929
E02320,C002930
E02321,C002931
E02322,C002932
E02323,C002933
E02324,C002934
E02324,C002935
E02325,C002936
E02325,C002937
E02326,C002938
E02326,C002939
E02327,C002940
E02328,C002941
E02328,C002942
E02329,C002943
E02330,C002944
E02331,C002945
E02331,C002946
E02332,C002947
E02333,C002948
E02334,C002949
E02335,C002950
E02336,C002951
E02337,C002952
E02338,C002953
E02338,C002954
E02339,C002955
E02340,C002956
E02341,C002957
E02342,C002958
E02342,C002959
E02343,C002960
E02344,C002961
E02344,C002962
E02345,C002963
E02346,C002964
E02346,C002965
E02347,C002966
E02348,C002967
E02349,C002968
E02350,C002969
E02350,C002970
E02351,C002971
E02352,C002972
E02352,C002973
E02353,C002974
E02354,C002975
E02354,C002976
E02355,C002977
E02355,C002978
E02356,C002979
E02357,C002980
E02358,C002981
E02359,C002982
E02360,C002983
E02361,C002984
E02362,C002985
E02363,C002986
E02364,C002987
E02364,C002988
E02365,C002989
E02366,C002990
E02366,C002991
E02367,C002992
E02367,C002993
E02368,C002994
E02369,C002995
E02369,C002996
E02370,C002997
E02370,C002998
E02370,C002999
E02371,C003000
E02372,C003001
E02372,C003002
E02373,C003003
E02373,C003004
E02374,C003005
E02375,C003006
E02375,C003007
E02376,C003008
E02377,C003009
E02377,C003010
E02378,C003011
E02379,C003012
E02380,C003013
E02380,C003014
E02381,C003015
E02382,C003016
E02383,C003017
E02384,C003018
E02385,C003019
E02386,C003020
E02387,C003021
E02388,C003022
E02388,C003023
E02389,C003024
E02389,C003025
E02390,C003026
E02390,C003027
E02391,C003028
E02391,C003029
E02392,C003030
E02393,C003031
E02394,C003032
E02395,C003033
E02396,C003034
E02397,C003035
E02398,C003036
E02398,C003037
E02399,C003038
E02400,C003039
E02401,C003040
E02402,C003041
E02403,C003042
E02403,C003043
E02404,C003044
E02405,C003045
E02405,C003046
E02406,C003047
E02406,C003048
E02407,C003049
E02408,C003050
E02408,C003051
E02409,C003052
E02410,C003053
E02410,C003054
E02411,C003055
E02412,C003056
E02413,C003057
E02413,C003058
E02414,C003059
E02415,C003060
E02415,C003061
E02416,C003062
E02417,C003063
E02418,C003064
E02419,C003065
E02420,C003066
E02421,C003067
E02422,C003068
E02423,C003069
E02424,C003070
E02425,C003071
E02426,C003072
E02427,C003073
E02428,C003074
E02429,C003075
E02430,C003076
E02430,C003077
E02431,C003078
E02432,C003079
E02433,C003080
E02434,C003081
E02435,C003082
E02436,C003083
E02437,C003084
E02438,C003085
E02439,C003086
E02439,C003087
E02440,C003088
E02441,C003089
E02441,C003090
E02442,C003091
E02442,C003092
E02443,C003093
E02444,C003094
E02445,C003095
E02446,C003096
E02447,C003097
E02447,C003098
E02448,C003099
E02448,C003100
E02449,C003101
E02449,C003102
E02450,C003103
E02450,C003104
E02451,C003105
E02451,C003106
E02452,C003107
E02453,C003108
E02454,C003109
E02455,C003110
E02455,C003111
E02456,C003112
E02457,C003113
E02458,C003114
E02459,C003115
E02459,C003116
E02460,C003117
E02461,C003118
E02462,C003119
E02463,C003120
E02463,C003121
E02464,C003122
E02465,C003123
E02465,C003124
E02466,C003125
E02467,C003126
E02468,C003127
E02469,C003128
E02470,C003129
E02471,C003130
E02472,C003131
E02473,C003132
E02474,C003133
E02475,C003134
E02476,C003135
E02477,C003136
E02478,C003137
E02478,C003138
E02479,C003139
E02480,C003140
E02481,C003141
E02481,C003142
E02482,C003143
E02483,C003144
E02484,C003145
E02484,C003146
E02485,C003147
E02485,C003148
E02486,C003149
E02487,C003150
E02488,C003151
E02488,C003152
E02489,C003153
E02490,C003154
E02491,C003155
E02492,C003156
E02493,C003157
E02493,C003158
E02494,C003159
E02494,C003160
E02495,C003161
E02496,C003162
E02496,C003163
E02497,C003164
E02498,C003165
E02499,C003166
E02500,C003167
E02501,C003168
E02502,C003169
E02503,C003170
E02503,C003171
E02504,C003172
E02505,C003173
E02506,C003174
E02507,C003175
E02507,C003176
E02508,C003177
E02509,C003178
E02510,C003179
E02511,C003180
E02512,C003181
E02513,C003182
E02514,C003183
E02515,C003184
E02516,C003185
E02516,C003186
E02517,C003187
E02518,C003188
E02518,C003189
E02519,C003190
E02520,C003191
E02521,C003192
E02522,C003193
E02523,C003194
E02524,C003195
E02525,C003196
E02525,C003197
E02526,C003198
E02527,C003199
E02528,C003200
E02529,C003201
E02530,C003202
E02531,C003203
E02531,C003204
E02532,C003205
E02532,C003206
E02533,C003207
E02534,C003208
E02535,C003209
E02536,C003210
E02537,C003211
E02538,C003212
E02539,C003213
E02540,C003214
E02541,C003215
E02542,C003216
E02543,C003217
E02544,C003218
E02545,C003219
E02545,C003220
E02546,C003221
E02547,C003222
E02548,C003223
E02549,C003224
E02549,C003225
E02550,C003226
E02550,C003227
E02551,C003228
E02552,C003229
E02553,C003230
E02554,C003231
E02554,C003232
E02555,C003233
E02556,C003234
E02557,C003235
E02558,C003236
E02559,C003237
E02560,C003238
E02561,C003239
E02561,C003240
E02562,C003241
E02562,C003242
E02563,C003243
E02564,C003244
E02565,C003245
E02566,C003246
E02566,C003247
E02567,C003248
E02568,C003249
E02569,C003250
E02570,C003251
E02571,C003252
E02571,C003253
E02572,C003254
E02573,C003255
E02574,C003256
E02574,C003257
E02575,C003258
E02575,C003259
E02576,C003260
E02577,C003261
E02577,C003262
E02578,C003263
E02579,C003264
E02579,C003265
E02580,C003266
E02581,C003267
E02582,C003268
E02582,C003269
E02583,C003270
E02583,C003271
E02584,C003272
E02585,C003273
E02586,C003274
E02587,C003275
E02587,C003276
E02588,C003277
E02589,C003278
E02589,C003279
E02590,C003280
E02591,C003281
E02592,C003282
E02593,C003283
E02594,C003284
E02595,C003285
E02595,C003286
E02596,C003287
E02597,C003288
E02598,C003289
E02599,C003290
E02600,C003291
E02601,C003292
E02602,C003293
E02602,C003294
E02603,C003295
E02604,C003296
E02604,C003297
E02605,C003298
E02606,C003299
E02607,C003300
E02608,C003301
E02609,C003302
E02610,C003303
E02611,C003304
E02612,C003305
E02613,C003306
E02614,C003307
E02614,C003308
E02615,C003309
E02616,C003310
E02617,C003311
E02618,C003312
E02619,C003313
E02620,C003314
E02620,C003315
E02621,C003316
E02622,C003317
E02623,C003318
E02623,C003319
E02624,C003320
E02625,C003321
E02626,C003322
E02627,C003323
E02628,C003324
E02629,C003325
E02630,C003326
E02630,C003327
E02631,C003328
E02632,C003329
E02633,C003330
E02634,C003331
E02634,C003332
E02635,C003333
E02636,C003334
E02637,C003335
E02637,C003336
E02638,C003337
E02639,C003338
E02640,C003339
E02640,C003340
E02641,C003341
E02641,C003342
E02642,C003343
E02642,C003344
E02643,C003345
E02644,C003346
E02645,C003347
E02645,C003348
E02646,C003349
E02647,C003350
E02648,C003351
E02649,C003352
E02650,C003353
E02651,C003354
E02652,C003355
E02653,C003356
E02654,C003357
E02654,C003358
E02655,C003359
E02656,C003360
E02657,C003361
E02658,C003362
E02659,C003363
E02660,C003364
E02661,C003365
E02661,C003366
E02662,C003367
E02663,C003368
E02664,C003369
E02665,C003370
E02666,C003371
E02667,C003372
E02668,C003373
E02669,C003374
E02670,C003375
E02671,C003376
E02671,C003377
E02671,C003378
E02672,C003379
E02673,C003380
E02674,C003381
E02675,C003382
E02675,C003383
E02676,C003384
E02676,C003385
E02677,C003386
E02677,C003387
E02678,C003388
E02679,C003389
E02680,C003390
E02680,C003391
E02681,C003392
E02681,C003393
E02682,C003394
E02683,C003395
E02684,C003396
E02685,C003397
E02686,C003398
E02687,C003399
E02688,C003400
E02688,C003401
E02688,C003402
E02689,C003403
E02689,C003404
E02690,C003405
E02690,C003406
E02691,C003407
E02692,C003408
E02693,C003409
E02694,C003410
E02694,C003411
E02695,C003412
E02695,C003413
E02696,C003414
E02697,C003415
E02698,C003416
E02699,C003417
E02700,C003418
E02701,C003419
E02702,C003420
E02703,C003421
E02704,C003422
E02705,C003423
E02705,C003424
E02706,C003425
E02706,C003426
E02707,C003427
E02708,C003428
E02708,C003429
E02709,C003430
E02710,C003431
E02710,C003432
E02711,C003433
E02711,C003434
E02712,C003435
E02713,C003436
E02713,C003437
E02714,C003438
E02715,C003439
E02716,C003440
E02717,C003441
E02718,C003442
E02718,C003443
E02718,C003444
E02719,C003445
E02720,C003446
E02721,C003447
E02721,C003448
E02722,C003449
E02722,C003450
E02723,C003451
E02723,C003452
E02724,C003453
E02725,C003454
E02726,C003455
E02727,C003456
E02727,C003457
E02728,C003458
E02728,C003459
E02729,C003460
E02730,C003461
E02731,C003462
E02732,C003463
E02733,C003464
E02734,C003465
E02734,C003466
E02735,C003467
E02735,C003468
E02736,C003469
E02737,C003470
E02738,C003471
E02738,C003472
E02739,C003473
E02740,C003474
E02740,C003475
E02741,C003476
E02741,C003477
E02742,C003478
E02743,C003479
E02744,C003480
E02745,C003481
E02745,C003482
E02745,C003483
E02746,C003484
E02746,C003485
E02747,C003486
E02748,C003487
E02749,C003488
E02750,C003489
E02751,C003490
E02752,C003491
E02753,C003492
E02754,C003493
E02755,C003494
E02755,C003495
E02756,C003496
E02757,C003497
E02758,C003498
E02758,C003499
E02759,C003500
E02760,C003501
E02761,C003502
E02761,C003503
E02762,C003504
E02763,C003505
E02764,C003506
E02765,C003507
E02766,C003508
E02767,C003509
E02767,C003510
E02768,C003511
E02768,C003512
E02769,C003513
E02770,C003514
E02771,C003515
E02772,C003516
E02773,C003517
E02774,C003518
E02775,C003519
E02776,C003520
E02777,C003521
E02778,C003522
E02779,C003523
E02780,C003524
E02781,C003525
E02781,C003526
E02782,C003527
E02782,C003528
E02782,C003529
E02783,C003530
E02784,C003531
E02785,C003532
E02786,C003533
E02787,C003534
E02788,C003535
E02789,C003536
E02790,C003537
E02790,C003538
E02791,C003539
E02792,C003540
E02793,C003541
E02794,C003542
E02794,C003543
E02795,C003544
E02796,C003545
E02797,C003546
E02798,C003547
E02799,C003548
E02800,C003549
E02800,C003550
E02801,C003551
E02802,C003552
E02802,C003553
E02803,C003554
E02804,C003555
E02805,C003556
E02806,C003557
E02806,C003558
E02806,C003559
E02807,C003560
E02808,C003561
E02808,C003562
E02809,C003563
E02810,C003564
E02811,C003565
E02812,C003566
E02813,C003567
E02814,C003568
E02815,C003569
E02816,C003570
E02816,C003571
E02817,C003572
E02817,C003573
E02818,C003574
E02818,C003575
E02819,C003576
E02820,C003577
E02821,C003578
E02821,C003579
E02822,C003580
E02823,C003581
E02824,C003582
E02824,C003583
E02825,C003584
E02825,C003585
E02826,C003586
E02827,C003587
E02828,C003588
E02829,C003589
E02830,C003590
E02831,C003591
E02832,C003592
E02833,C003593
E02834,C003594
E02834,C003595
E02835,C003596
E02836,C003597
E02837,C003598
E02837,C003599
E02838,C003600
E02838,C003601
E02839,C003602
E02839,C003603
E02840,C003604
E02841,C003605
E02842,C003606
E02843,C003607
E02843,C003608
E02844,C003609
E02844,C003610
E02845,C003611
E02846,C003612
E02847,C003613
E02848,C003614
E02849,C003615
E02849,C003616
E02850,C003617
E02851,C003618
E02851,C003619
E02852,C003620
E02853,C003621
E02853,C003622
E02854,C003623
E02855,C003624
E02856,C003625
E02856,C003626
E02857,C003627
E02858,C003628
E02858,C003629
E02859,C003630
E02860,C003631
E02861,C003632
E02862,C003633
E02863,C003634
E02864,C003635
E02865,C003636
E02866,C003637
E02866,C003638
E02867,C003639
E02868,C003640
E02869,C003641
E02869,C003642
E02870,C003643
E02871,C003644
E02871,C003645
E02872,C003646
E02873,C003647
E02874,C003648
E02875,C003649
E02876,C003650
E02876,C003651
E02877,C003652
E02877,C003653
E02878,C003654
E02879,C003655
E02880,C003656
E02881,C003657
E02881,C003658
E02882,C003659
E02883,C003660
E02884,C003661
E02885,C003662
E02886,C003663
E02886,C003664
E02887,C003665
E02887,C003666
E02888,C003667
E02888,C003668
E02889,C003669
E02889,C003670
E02890,C003671
E02891,C003672
E02892,C003673
E02893,C003674
E02894,C003675
E02895,C003676
E02896,C003677
E02897,C003678
E02898,C003679
E02899,C003680
E02900,C003681
E02900,C003682
E02901,C003683
E02901,C003684
E02902,C003685
E02903,C003686
E02903,C003687
E02904,C003688
E02904,C003689
E02905,C003690
E02905,C003691
E02906,C003692
E02907,C003693
E02908,C003694
E02909,C003695
E02909,C003696
E02910,C003697
E02910,C003698
E02911,C003699
E02912,C003700
E02913,C003701
E02914,C003702
E02914,C003703
E02915,C003704
E02915,C003705
E02915,C003706
E02916,C003707
E02916,C003708
E02917,C003709
E02918,C003710
E02919,C003711
E02920,C003712
E02921,C003713
E02922,C003714
E02923,C003715
E02923,C003716
E02924,C003717
E02925,C003718
E02926,C003719
E02927,C003720
E02928,C003721
E02929,C003722
E02930,C003723
E02931,C003724
E02932,C003725
E02933,C003726
E02934,C003727
E02934,C003728
E02935,C003729
E02936,C003730
E02937,C003731
E02937,C003732
E02938,C003733
E02939,C003734
E02940,C003735
E02940,C003736
E02941,C003737
E02942,C003738
E02943,C003739
E02944,C003740
E02945,C003741
E02946,C003742
E02947,C003743
E02948,C003744
E02949,C003745
E02950,C003746
E02951,C003747
E02952,C003748
E02953,C003749
E02954,C003750
E02955,C003751
E02956,C003752
E02956,C003753
E02957,C003754
E02957,C003755
E02958,C003756
E02958,C003757
E02959,C003758
E02960,C003759
E02960,C003760
E02961,C003761
E02962,C003762
E02963,C003763
E02964,C003764
E02965,C003765
E02966,C003766
E02966,C003767
E02967,C003768
E02967,C003769
E02968,C003770
E02969,C003771
E02970,C003772
E02970,C003773
E02971,C003774
E02972,C003775
E02973,C003776
E02973,C003777
E02974,C003778
E02975,C003779
E02976,C003780
E02977,C003781
E02977,C003782
E02978,C003783
E02978,C003784
E02979,C003785
E02980,C003786
E02981,C003787
E02981,C003788
E02982,C003789
E02983,C003790
E02983,C003791
E02984,C003792
E02985,C003793
E02986,C003794
E02986,C003795
E02986,C003796
E02987,C003797
E02988,C003798
E02988,C003799
E02989,C003800
E02990,C003801
E02990,C003802
E02991,C003803
E02991,C003804
E02992,C003805
E02993,C003806
E02993,C003807
E02994,C003808
E02995,C003809
E02996,C003810
E02996,C003811
E02997,C003812
E02997,C003813
E02998,C003814
E02998,C003815
E02999,C003816
E03000,C003817
E03001,C003818
E03002,C003819
E03002,C003820
E03003,C003821
E03003,C003822
E03004,C003823
E03005,C003824
E03006,C003825
E03007,C003826
E03008,C003827
E03009,C003828
E03010,C003829
E03011,C003830
E03012,C003831
E03013,C003832
E03014,C003833
E03015,C003834
E03015,C003835
E03016,C003836
E03016,C003837
E03017,C003838
E03018,C003839
E03019,C003840
E03020,C003841
E03020,C003842
E03021,C003843
E03021,C003844
E03021,C003845
E03022,C003846
E03023,C003847
E03023,C003848
E03024,C003849
E03024,C003850
E03025,C003851
E03026,C003852
E03027,C003853
E03028,C003854
E03029,C003855
E03030,C003856
E03031,C003857
E03032,C003858
E03033,C003859
E03034,C003860
E03034,C003861
E03035,C003862
E03035,C003863
E03036,C003864
E03037,C003865
E03038,C003866
E03039,C003867
E03040,C003868
E03041,C003869
E03042,C003870
E03043,C003871
E03044,C003872
E03044,C003873
E03045,C003874
E03046,C003875
E03047,C003876
E03047,C003877
E03048,C003878
E03048,C003879
E03049,C003880
E03050,C003881
E03051,C003882
E03052,C003883
E03053,C003884
E03054,C003885
E03055,C003886
E03056,C003887
E03057,C003888
E03057,C003889
E03058,C003890
E03058,C003891
E03059,C003892
E03059,C003893
E03060,C003894
E03061,C003895
E03062,C003896
E03063,C003897
E03064,C003898
E03065,C003899
E03066,C003900
E03067,C003901
E03068,C003902
E03068,C003903
E03069,C003904
E03070,C003905
E03071,C003906
E03072,C003907
E03073,C003908
E03073,C003909
E03074,C003910
E03075,C003911
E03076,C003912
E03077,C003913
E03077,C003914
E03078,C003915
E03079,C003916
E03080,C003917
E03081,C003918
E03082,C003919
E03083,C003920
E03083,C003921
E03084,C003922
E03085,C003923
E03086,C003924
E03087,C003925
E03088,C003926
E03089,C003927
E03090,C003928
E03091,C003929
E03092,C003930
E03093,C003931
E03094,C003932
E03094,C003933
E03095,C003934
E03096,C003935
E03097,C003936
E03097,C003937
E03098,C003938
E03098,C003939
E03099,C003940
E03100,C003941
E03101,C003942
E03102,C003943
E03103,C003944
E03103,C003945
E03104,C003946
E03105,C003947
E03105,C003948
E03106,C003949
E03107,C003950
E03107,C003951
E03108,C003952
E03109,C003953
E03110,C003954
E03111,C003955
E03112,C003956
E03113,C003957
E03114,C003958
E03114,C003959
E03115,C003960
E03116,C003961
E03117,C003962
E03118,C003963
E03119,C003964
E03120,C003965
E03120,C003966
E03121,C003967
E03122,C003968
E03123,C003969
E03124,C003970
E03125,C003971
E03125,C003972
E03126,C003973
E03126,C003974
E03127,C003975
E03128,C003976
E03128,C003977
E03129,C003978
E03130,C003979
E03130,C003980
E03131,C003981
E03132,C003982
E03133,C003983
E03133,C003984
E03134,C003985
E03135,C003986
E03136,C003987
E03137,C003988
E03138,C003989
E03138,C003990
E03139,C003991
E03139,C003992
E03140,C003993
E03140,C003994
E03140,C003995
E03141,C003996
E03142,C003997
E03143,C003998
E03144,C003999
E03145,C004000
E03146,C004001
E03146,C004002
E03147,C004003
E03148,C004004
E03149,C004005
E03149,C004006
E03150,C004007
E03151,C004008
E03152,C004009
E03153,C004010
E03153,C004011
E03154,C004012
E03155,C004013
E03156,C004014
E03156,C004015
E03157,C004016
E03158,C004017
E03159,C004018
E03160,C004019
E03160,C004020
E03161,C004021
E03162,C004022
E03162,C004023
E03163,C004024
E03164,C004025
E03165,C004026
E03165,C004027
E03166,C004028
E03167,C004029
E03167,C004030
E03168,C004031
E03169,C004032
E03170,C004033
E03171,C004034
E03171,C004035
E03171,C004036
E03172,C004037
E03172,C004038
E03173,C004039
E03174,C004040
E03175,C004041
E03176,C004042
E03177,C004043
E03178,C004044
E03179,C004045
E03180,C004046
E03181,C004047
E03181,C004048
E03182,C004049
E03183,C004050
E03184,C004051
E03185,C004052
E03185,C004053
E03186,C004054
E03187,C004055
E03188,C004056
E03189,C004057
E03190,C004058
E03190,C004059
E03191,C004060
E03192,C004061
E03193,C004062
E03194,C004063
E03195,C004064
E03196,C004065
E03196,C004066
E03197,C004067
E03198,C004068
E03199,C004069
E03200,C004070
E03200,C004071
E03201,C004072
E03202,C004073
E03203,C004074
E03204,C004075
E03204,C004076
E03205,C004077
E03206,C004078
E03207,C004079
E03208,C004080
E03209,C004081
E03209,C004082
E03210,C004083
E03211,C004084
E03212,C004085
E03213,C004086
E03213,C004087
E03214,C004088
E03215,C004089
E03216,C004090
E03216,C004091
E03217,C004092
E03218,C004093
E03219,C004094
E03220,C004095
E03221,C004096
E03222,C004097
E03223,C004098
E03223,C004099
E03224,C004100
E03225,C004101
E03225,C004102
E03226,C004103
E03227,C004104
E03227,C004105
E03228,C004106
E03229,C004107
E03230,C004108
E03231,C004109
E03231,C004110
E03231,C004111
E03232,C004112
E03232,C004113
E03233,C004114
E03234,C004115
E03235,C004116
E03235,C004117
E03236,C004118
E03236,C004119
E03237,C004120
E03237,C004121
E03238,C004122
E03239,C004123
E03240,C004124
E03241,C004125
E03241,C004126
E03242,C004127
E03243,C004128
E03243,C004129
E03244,C004130
E03245,C004131
E03246,C004132
E03247,C004133
E03248,C004134
E03249,C004135
E03250,C004136
E03251,C004137
E03251,C004138
E03252,C004139
E03253,C004140
E03254,C004141
E03255,C004142
E03256,C004143
E03257,C004144
E03258,C004145
E03259,C004146
E03260,C004147
E03261,C004148
E03262,C004149
E03263,C004150
E03264,C004151
E03265,C004152
E03266,C004153
E03267,C004154
E03267,C004155
E03268,C004156
E03269,C004157
E03270,C004158
E03271,C004159
E03272,C004160
E03273,C004161
E03274,C004162
E03275,C004163
E03275,C004164
E03276,C004165
E03277,C004166
E03278,C004167
E03279,C004168
E03280,C004169
E03280,C004170
E03281,C004171
E03282,C004172
E03283,C004173
E03283,C004174
E03284,C004175
E03285,C004176
E03286,C004177
E03286,C004178
E03287,C004179
E03288,C004180
E03289,C004181
E03290,C004182
E03291,C004183
E03291,C004184
E03292,C004185
E03293,C004186
E03294,C004187
E03294,C004188
E03295,C004189
E03296,C004190
E03297,C004191
E03298,C004192
E03299,C004193
E03300,C004194
E03301,C004195
E03302,C004196
E03303,C004197
E03304,C004198
E03304,C004199
E03305,C004200
E03306,C004201
E03307,C004202
E03308,C004203
E03309,C004204
E03310,C004205
E03311,C004206
E03311,C004207
E03312,C004208
E03313,C004209
E03314,C004210
E03315,C004211
E03315,C004212
E03316,C004213
E03317,C004214
E03318,C004215
E03319,C004216
E03320,C004217
E03320,C004218
E03321,C004219
E03322,C004220
E03322,C004221
E03323,C004222
E03323,C004223
E03324,C004224
E03324,C004225
E03325,C004226
E03326,C004227
E03327,C004228
E03328,C004229
E03329,C004230
E03330,C004231
E03331,C004232
E03332,C004233
E03333,C004234
E03333,C004235
E03334,C004236
E03335,C004237
E03336,C004238
E03337,C004239
E03337,C004240
E03338,C004241
E03339,C004242
E03340,C004243
E03341,C004244
E03342,C004245
E03342,C004246
E03343,C004247
E03344,C004248
E03345,C004249
E03345,C004250
E03346,C004251
E03347,C004252
E03348,C004253
E03348,C004254
E03349,C004255
E03350,C004256
E03351,C004257
E03352,C004258
E03352,C004259
E03353,C004260
E03354,C004261
E03355,C004262
E03355,C004263
E03356,C004264
E03357,C004265
E03358,C004266
E03358,C004267
E03359,C004268
E03360,C004269
E03361,C004270
E03362,C004271
E03362,C004272
E03363,C004273
E03364,C004274
E03365,C004275
E03366,C004276
E03367,C004277
E03368,C004278
E03368,C004279
E03369,C004280
E03370,C004281
E03370,C004282
E03371,C004283
E03372,C004284
E03373,C004285
E03374,C004286
E03374,C004287
E03375,C004288
E03376,C004289
E03377,C004290
E03378,C004291
E03378,C004292
E03379,C004293
E03380,C004294
E03381,C004295
E03382,C004296
E03383,C004297
E03383,C004298
E03384,C004299
E03384,C004300
E03385,C004301
E03386,C004302
E03386,C004303
E03387,C004304
E03388,C004305
E03389,C004306
E03390,C004307
E03390,C004308
E03391,C004309
E03391,C004310
E03392,C004311
E03392,C004312
E03393,C004313
E03394,C004314
E03394,C004315
E03395,C004316
E03395,C004317
E03396,C004318
E03397,C004319
E03398,C004320
E03399,C004321
E03399,C004322
E03400,C004323
E03401,C004324
E03401,C004325
E03402,C004326
E03403,C004327
E03404,C004328
E03405,C004329
E03405,C004330
E03406,C004331
E03406,C004332
E03407,C004333
E03408,C004334
E03409,C004335
E03409,C004336
E03410,C004337
E03411,C004338
E03411,C004339
E03412,C004340
E03412,C004341
E03413,C004342
E03414,C004343
E03415,C004344
E03416,C004345
E03417,C004346
E03418,C004347
E03419,C004348
E03420,C004349
E03420,C004350
E03421,C004351
E03422,C004352
E03423,C004353
E03424,C004354
E03425,C004355
E03425,C004356
E03426,C004357
E03427,C004358
E03427,C004359
E03428,C004360
E03429,C004361
E03430,C004362
E03431,C004363
E03432,C004364
E03433,C004365
E03434,C004366
E03435,C004367
E03436,C004368
E03437,C004369
E03437,C004370
E03438,C004371
E03439,C004372
E03440,C004373
E03441,C004374
E03442,C004375
E03443,C004376
E03444,C004377
E03445,C004378
E03445,C004379
E03446,C004380
E03447,C004381
E03448,C004382
E03448,C004383
E03449,C004384
E03450,C004385
E03450,C004386
E03451,C004387
E03452,C004388
E03452,C004389
E03453,C004390
E03454,C004391
E03455,C004392
E03456,C004393
E03457,C004394
E03458,C004395
E03459,C004396
E03460,C004397
E03461,C004398
E03462,C004399
E03462,C004400
E03463,C004401
E03464,C004402
E03464,C004403
E03465,C004404
E03465,C004405
E03466,C004406
E03467,C004407
E03468,C004408
E03469,C004409
E03470,C004410
E03471,C004411
E03472,C004412
E03472,C004413
E03473,C004414
E03474,C004415
E03474,C004416
E03475,C004417
E03476,C004418
E03477,C004419
E03478,C004420
E03479,C004421
E03480,C004422
E03481,C004423
E03482,C004424
E03483,C004425
E03484,C004426
E03485,C004427
E03486,C004428
E03487,C004429
E03488,C004430
E03488,C004431
E03489,C004432
E03489,C004433
E03490,C004434
E03491,C004435
E03492,C004436
E03492,C004437
E03493,C004438
E03494,C004439
E03495,C004440
E03495,C004441
E03496,C004442
E03497,C004443
E03498,C004444
E03499,C004445
E03500,C004446
